{
  "mae_global": 95.50775146484375,
  "rmse_global": 109.47275928113524
}