{
  "mae_global": 66.08350045340401,
  "rmse_global": 71.7588249354655
}