{
  "mae_global": 119.28419712611607,
  "rmse_global": 125.71867062519273
}