level,count,mean,median,std,group
ES,36,1.0526105654965947,0.9069999999999991,1.726973013513581,country
FR,36,-0.6811386489327663,-0.6538235294117634,1.2542389103500475,country
C,24,0.9168192530508709,1.3084007352941187,1.438755013331372,sector
F,24,-0.03334535256410202,-0.5852531108597283,2.1807742348505172,sector
G,24,-0.32626602564102636,-0.29807692307692335,1.256046385386681,sector
1,24,0.9458621623474567,0.5787272727272721,1.542649725329591,size
2,24,-0.18639649321267027,-0.4073798076923083,1.153590665352499,size
3,24,-0.20225779428904378,-0.7955656108597284,2.1609609786732045,size
