{
  "test_acc": 0.7933333516120911,
  "test_loss": 0.5296995043754578
}